{"accessibilityPrompt":true,"alwaysOnTop":false,"arch":"arm64","asar":false,"blockExternalUrls":false,"bounce":false,"buildDate":1669958395867,"clearCache":false,"counter":false,"darwinDarkModeSupport":false,"disableContextMenu":false,"disableDevTools":false,"disableGpu":false,"disableOldBuildWarning":false,"electronVersionUsed":"19.0.17","enableEs3Apis":false,"fastQuit":false,"fullScreen":false,"height":800,"hideWindowFrame":false,"ignoreCertificate":false,"ignoreGpuBlacklist":false,"insecure":false,"isUpgrade":false,"maximize":false,"name":"Nativegames App","nativefierVersion":"50.0.0","portable":false,"quiet":false,"showMenuBar":false,"singleInstance":false,"strictInternalUrls":false,"targetUrl":"https://parcoil.adalo.com/nativegames-app","tray":"false","userAgentHonest":false,"width":1280,"widevine":false,"win32metadata":{"ProductName":"Nativegames App","InternalName":"Nativegames App","FileDescription":"Nativegames App"},"zoom":1,"oldBuildWarningText":""}